"Date","Label","Method","Path","Status","SqlCount","Cache","HttpMs","TraceId","Prix","Ids"
"2026-10-07T12:00:21.849Z","demarrage","GET","/observations","200","0","","48.126","dd85795e-532d-4ed2-ad98-870186cf1632","",""
"2026-10-07T12:02:14.048Z","verification","GET","/observations","200","0","","59.046","64e6d66f-a8e3-46eb-9148-307a9760b1e0","",""
"2026-10-07T12:05:21.792Z","n1_20","GET","/commandes?limit=20&pagination=curseur&relations=n1","200","21","","143.018","898dcaab-ee60-44eb-bc2c-b0c78620b621","","86042,83042,80042,77042,74042,71042,68042,65042,62042,59042,56042,53042,50042,47042,44042,41042,38042,35042,32042,29042"
"2026-10-07T12:28:28.448Z","groupe_20","GET","/commandes?limit=20&pagination=curseur&relations=groupe","200","2","","144.114","74ca8b34-459b-4054-bbc9-e173db5007ed","","86042,83042,80042,77042,74042,71042,68042,65042,62042,59042,56042,53042,50042,47042,44042,41042,38042,35042,32042,29042"
"2026-10-07T12:34:11.453Z","curseur_p1","GET","/commandes?limit=20&relations=groupe","200","2","","99.194","04e5f5e3-cca0-422a-807c-a0dbde5666c6","","86042,83042,80042,77042,74042,71042,68042,65042,62042,59042,56042,53042,50042,47042,44042,41042,38042,35042,32042,29042"
"2026-10-07T12:34:28.043Z","curseur_p2","GET","/commandes?limit=20&cursor=eyJ2IjoxLCJjbGllbnRJZCI6IjQyIiwiZGF0ZSI6IjIwMjYtMDktMTJUMDg6MDQ6MDIuMDAwMDAwWiIsImlkIjoiMjkwNDIifQ.-8akB0gWWnMKadehIh_owEhG5gkmQREIWKs9j8hbO0M&relations=groupe","200","2","","70.89","0af7d1e3-16e6-44f9-94f5-0073a9055097","","26042,23042,20042,17042,14042,98042,11042,95042,8042,92042,5042,89042,2042,85042,82042,79042,76042,73042,70042,67042"
"2026-10-07T12:36:08.175Z","offset_p2","GET","/commandes?limit=20&pagination=offset&offset=20&relations=groupe","200","2","","92.359","741c4d70-0716-47ab-8e2c-7e045323433a","","26042,23042,20042,17042,14042,98042,11042,95042,8042,92042,5042,89042,2042,85042,82042,79042,76042,73042,70042,67042"
"2026-10-07T13:07:10.933Z","dates_p1","GET","/commandes?limit=2","200","2","","107.638","3903570f-e728-4db8-b9f9-759716a90872","","2042,1042"
"2026-10-07T13:07:20.407Z","dates_p2","GET","/commandes?limit=2&cursor=eyJ2IjoxLCJjbGllbnRJZCI6IjQyIiwiZGF0ZSI6IjIwMjYtMDktMTNUMjM6NTQ6MDIuMDAwMDAwWiIsImlkIjoiMTA0MiJ9.mZMzRKkTUumXjBzdZaAnxFBTeVdJSN7egwtYDCl1Ork","200","2","","38.771","ec61477c-57aa-4e6a-bf4b-5a5a62bcae44","","42,86042"
"2026-10-07T13:10:58.599Z","parcours_0","GET","/commandes?limit=20&relations=groupe","200","2","","102.515","4f494ed3-c309-42f5-8e01-0a178b69fe8b","","2042,1042,42,86042,83042,80042,77042,74042,71042,68042,65042,62042,59042,56042,53042,50042,47042,44042,41042,38042"
"2026-10-07T13:10:59.128Z","parcours_1","GET","/commandes?limit=20&relations=groupe&cursor=eyJ2IjoxLCJjbGllbnRJZCI6IjQyIiwiZGF0ZSI6IjIwMjYtMDktMTJUMTA6MzQ6MDIuMDAwMDAwWiIsImlkIjoiMzgwNDIifQ.20bu_Cc6NPtihjc4Y4sCKUgUOOctt6S8wA6BVcwde2Y","200","2","","36.839","5789d8c5-54ee-4219-b326-068896037293","","35042,32042,29042,26042,23042,20042,17042,14042,98042,11042,95042,8042,92042,5042,89042,85042,82042,79042,76042,73042"
"2026-10-07T13:10:59.635Z","parcours_2","GET","/commandes?limit=20&relations=groupe&cursor=eyJ2IjoxLCJjbGllbnRJZCI6IjQyIiwiZGF0ZSI6IjIwMjYtMDYtMDRUMjA6MTc6MjIuMDAwMDAwWiIsImlkIjoiNzMwNDIifQ.sP9hy82tbvHy4OyrHCpSJcgynEB9Mz9VjB4GXwYdvSQ","200","2","","50.023","3e3ea759-1fc8-489b-9fce-225939100cbb","","70042,67042,64042,61042,58042,55042,52042,49042,46042,43042,40042,37042,34042,31042,28042,25042,22042,19042,16042,13042"
"2026-10-07T13:11:00.258Z","parcours_3","GET","/commandes?limit=20&relations=groupe&cursor=eyJ2IjoxLCJjbGllbnRJZCI6IjQyIiwiZGF0ZSI6IjIwMjYtMDYtMDRUMDM6Mzc6MjIuMDAwMDAwWiIsImlkIjoiMTMwNDIifQ.QsPMkIieFNAaUhZ7-JHNz0Mt-X2oJm9QsSbDlKsJJeE","200","2","","52.333","da7a6519-965f-4d47-97b8-d50d6de7a8c2","","97042,10042,94042,7042,91042,4042,88042,84042,81042,78042,75042,72042,69042,66042,63042,60042,57042,54042,51042,48042"
"2026-10-07T13:11:00.796Z","parcours_4","GET","/commandes?limit=20&relations=groupe&cursor=eyJ2IjoxLCJjbGllbnRJZCI6IjQyIiwiZGF0ZSI6IjIwMjYtMDItMjRUMTM6MjA6NDIuMDAwMDAwWiIsImlkIjoiNDgwNDIifQ.SLmtInoYlOSuhimiR1F5lvuAyORI9B0W-E6pCa3qnUQ","200","2","","50.413","df66a877-e905-4ab6-a30d-8dd48fb011fc","","45042,42042,39042,36042,33042,30042,27042,24042,21042,18042,15042,99042,12042,96042,9042,93042,6042,90042,3042,87042"
"2026-10-07T13:12:21.813Z","controle_droits","GET","/commandes","401","0","","68.202","dc9fdd36-5a72-484b-bcb3-75dc45152dc3","",""
"2026-10-07T13:12:26.812Z","controle_droits","GET","/commandes?client_id=43","400","0","","22.742","fabba420-8124-412a-bc73-493ef9114816","",""
