repetition,cache,http_status,sql_count,http_ms,trace_id
1,miss,200,1,73.709,3609e95d-73ed-40eb-ab9b-25182e534368
1,hit,200,0,22.718,aee6a8d1-d853-439d-af1f-2a848f0149a2
2,miss,200,1,23.893,845eefcf-35d1-4915-899c-d5cc677c2992
2,hit,200,0,21.791,54742dd6-72ed-4c94-aca2-154cad86cbd7
3,miss,200,1,28.695,7826f0b3-7b22-41de-87c2-1dd8178934bc
3,hit,200,0,23.215,293c7014-a7f5-41d4-b11f-27e5e4d30a63
4,miss,200,1,26.077,f46c50c4-e7f7-4b9e-a1fc-0f7060695a16
4,hit,200,0,22.705,8f64da34-b0a7-4279-a838-f97291401bc7
5,miss,200,1,24.69,da5dfccb-b284-41cf-875c-5acdc8e6989d
5,hit,200,0,22.284,3094f1aa-5f2e-4e02-8b82-a8fd27d0f4c2
