rang,id,created_at,statut,total
1,83999,2026-09-21 23:19:59+00,payee,386.25
2,80999,2026-09-21 22:29:59+00,payee,386.25
3,77999,2026-09-21 21:39:59+00,payee,386.25
4,74999,2026-09-21 20:49:59+00,payee,386.25
5,71999,2026-09-21 19:59:59+00,payee,386.25
6,68999,2026-09-21 19:09:59+00,payee,386.25
7,65999,2026-09-21 18:19:59+00,payee,386.25
8,62999,2026-09-21 17:29:59+00,payee,386.25
9,59999,2026-09-21 16:39:59+00,payee,386.25
10,56999,2026-09-21 15:49:59+00,payee,386.25
11,53999,2026-09-21 14:59:59+00,payee,386.25
12,50999,2026-09-21 14:09:59+00,payee,386.25
13,47999,2026-09-21 13:19:59+00,payee,386.25
14,44999,2026-09-21 12:29:59+00,payee,386.25
15,41999,2026-09-21 11:39:59+00,payee,386.25
16,38999,2026-09-21 10:49:59+00,payee,386.25
17,35999,2026-09-21 09:59:59+00,payee,386.25
18,32999,2026-09-21 09:09:59+00,payee,386.25
19,29999,2026-09-21 08:19:59+00,payee,386.25
20,26999,2026-09-21 07:29:59+00,payee,386.25
