etat,client_id,operation,phase,repetition,execution_time_ms
initial,42,lecture,echauffement,0,1.872
initial,42,lecture,mesure,1,1.834
initial,42,lecture,mesure,2,0.951
initial,42,lecture,mesure,3,1.113
initial,42,lecture,mesure,4,1.061
initial,42,lecture,mesure,5,0.928
initial,1,lecture,echauffement,0,5.29
initial,1,lecture,mesure,1,2.16
initial,1,lecture,mesure,2,1.656
initial,1,lecture,mesure,3,1.211
initial,1,lecture,mesure,4,2.336
initial,1,lecture,mesure,5,1.654
initial,999,lecture,echauffement,0,2.364
initial,999,lecture,mesure,1,1.309
initial,999,lecture,mesure,2,1.693
initial,999,lecture,mesure,3,1.22
initial,999,lecture,mesure,4,2.264
initial,999,lecture,mesure,5,1.571
initial,1/42/999,insertion_1000,echauffement,0,33.894
initial,1/42/999,insertion_1000,mesure,1,53.759
initial,1/42/999,insertion_1000,mesure,2,27.691
initial,1/42/999,insertion_1000,mesure,3,18.113
initial,1/42/999,insertion_1000,mesure,4,14.727
initial,1/42/999,insertion_1000,mesure,5,20.052
simple,42,lecture,echauffement,0,1.937
simple,42,lecture,mesure,1,1.498
simple,42,lecture,mesure,2,2.445
simple,42,lecture,mesure,3,2.907
simple,42,lecture,mesure,4,1.989
simple,42,lecture,mesure,5,1.323
simple,1,lecture,echauffement,0,2.994
simple,1,lecture,mesure,1,2.05
simple,1,lecture,mesure,2,1.785
simple,1,lecture,mesure,3,2.033
simple,1,lecture,mesure,4,1.737
simple,1,lecture,mesure,5,1.492
simple,999,lecture,echauffement,0,2.047
simple,999,lecture,mesure,1,1.773
simple,999,lecture,mesure,2,1.666
simple,999,lecture,mesure,3,1.886
simple,999,lecture,mesure,4,1.707
simple,999,lecture,mesure,5,1.155
simple,1/42/999,insertion_1000,echauffement,0,28.261
simple,1/42/999,insertion_1000,mesure,1,22.712
simple,1/42/999,insertion_1000,mesure,2,25.532
simple,1/42/999,insertion_1000,mesure,3,26.996
simple,1/42/999,insertion_1000,mesure,4,17.117
simple,1/42/999,insertion_1000,mesure,5,19.502
compose,42,lecture,echauffement,0,0.388
compose,42,lecture,mesure,1,0.496
compose,42,lecture,mesure,2,0.684
compose,42,lecture,mesure,3,0.227
compose,42,lecture,mesure,4,0.562
compose,42,lecture,mesure,5,0.427
couvrant,42,lecture,echauffement,0,0.192
couvrant,42,lecture,mesure,1,0.406
couvrant,42,lecture,mesure,2,0.225
couvrant,42,lecture,mesure,3,0.234
couvrant,42,lecture,mesure,4,0.229
couvrant,42,lecture,mesure,5,0.375
