atelier,variante,phase,repetition,execution_time_ms
atelier1,historique_client42,echauffement,0,1.466
atelier1,historique_client42,mesure,1,0.827
atelier1,historique_client42,mesure,2,1.737
atelier1,historique_client42,mesure,3,2.474
atelier1,historique_client42,mesure,4,1.829
atelier1,historique_client42,mesure,5,1.607
atelier1,agregation_statut,echauffement,0,54.149
atelier1,agregation_statut,mesure,1,42.761
atelier1,agregation_statut,mesure,2,41.124
atelier1,agregation_statut,mesure,3,61.019
atelier1,agregation_statut,mesure,4,48.577
atelier1,agregation_statut,mesure,5,54.799
atelier2,join_distinct,echauffement,0,0.616
atelier2,join_distinct,mesure,1,0.455
atelier2,join_distinct,mesure,2,0.245
atelier2,join_distinct,mesure,3,0.295
atelier2,exists,echauffement,0,0.479
atelier2,exists,mesure,1,0.219
atelier2,exists,mesure,2,0.384
atelier2,exists,mesure,3,0.296
atelier2,agregation_apres_jointure,echauffement,0,1.354
atelier2,agregation_apres_jointure,mesure,1,0.849
atelier2,agregation_apres_jointure,mesure,2,0.448
atelier2,agregation_apres_jointure,mesure,3,0.609
atelier2,preagregation,echauffement,0,1.563
atelier2,preagregation,mesure,1,0.575
atelier2,preagregation,mesure,2,0.437
atelier2,preagregation,mesure,3,0.577
atelier2,join_distinct,mesure,4,0.862
atelier2,join_distinct,mesure,5,0.366
atelier2,exists,mesure,4,0.498
atelier2,exists,mesure,5,0.459
atelier2,agregation_apres_jointure,mesure,4,0.46
atelier2,agregation_apres_jointure,mesure,5,1.296
atelier2,preagregation,mesure,4,0.293
atelier2,preagregation,mesure,5,1.228
