"timestamp","total","active","idle","idle_in_transaction"
"2026-10-07T13:26:41.838Z","4","0","4","0"
"2026-10-07T13:26:43.099Z","5","3","0","2"
"2026-10-07T13:26:44.341Z","5","2","1","2"
"2026-10-07T13:26:45.542Z","5","4","1","0"
"2026-10-07T13:26:46.793Z","5","5","0","0"
"2026-10-07T13:26:48.010Z","5","5","0","0"
"2026-10-07T13:26:49.286Z","5","5","0","0"
"2026-10-07T13:26:50.516Z","5","5","0","0"
"2026-10-07T13:26:51.739Z","5","5","0","0"
"2026-10-07T13:26:52.981Z","5","5","0","0"
"2026-10-07T13:26:54.212Z","5","5","0","0"
"2026-10-07T13:26:55.459Z","5","5","0","0"
"2026-10-07T13:26:56.680Z","5","2","0","3"
"2026-10-07T13:26:57.903Z","5","5","0","0"
"2026-10-07T13:26:59.131Z","5","5","0","0"
"2026-10-07T13:27:00.350Z","5","1","4","0"
"2026-10-07T13:27:01.569Z","5","0","5","0"
